{
  "ctrlType": 0,
  "ctrlMode": 4,
  "ctrlId": 1,
  "downgrade": false,
  "desc": "1_daily",
  "cycle": 74,
  "start": "2024-08-09 17:13:13",
  "time": "2024-08-09 17:13:23",
  "current": 11,
  "stage": 1,
  "maxStage": 2,
  "locked": false,
  "lockLeft": 0,
  "hasfault": false,
  "coordinateTrans": false,
  "phase": [
    {
      "id": 1,
      "desc": "phase1",
      "status": 1,
      "countdown": 25,
      "total": 44,
      "now": 10,
      "linkChannels": [1, 2, 12]
    },
    {
      "id": 2,
      "desc": "phase2",
      "status": 2,
      "countdown": 32,
      "total": 30,
      "now": 0,
      "linkChannels": [3, 4, 8]
    }
  ],
  "ring": [[1, 2]],
  "channel": [
    { "id": 1, "status": 1, "countdown": 25, "type": 11, "dir": 3 },
    { "id": 2, "status": 1, "countdown": 25, "type": 11, "dir": 1 },
    { "id": 3, "status": 2, "countdown": 32, "type": 11, "dir": 4 },
    { "id": 4, "status": 2, "countdown": 34, "type": 31, "dir": 1 },
    { "id": 8, "status": 2, "countdown": 34, "type": 31, "dir": 3 },
    { "id": 12, "status": 1, "countdown": 24, "type": 31, "dir": 2 }
  ],
  "next":{
    "ctrlType": 0,
    "ctrlMode": 5,
    "ctrlId": 3,
    "downgrade": false,
    "desc": "3_Evening",
    "cycle": 90,
    "start": "2024-08-12 17:52:30",
    "time": "2024-08-12 17:52:57",
    "current": 28,
    "stage": 1,
    "maxStage": 7,
    "locked": false,
    "lockLeft": 0,
    "hasfault": true,
    "coordinateTrans": false,
    "phase": [
      {
        "id": 1,
        "desc": "Left from E/W",
        "status": 2,
        "countdown": 63,
        "total": 1,
        "now": 1,
        "linkChannels": []
      },
      {
        "id": 2,
        "desc": "Straight from E/W",
        "status": 1,
        "countdown": 1,
        "total": 30,
        "now": 26,
        "linkChannels": [1]
      },
      {
        "id": 3,
        "desc": "Right from E/W",
        "status": 2,
        "countdown": 4,
        "total": 33,
        "now": 0,
        "linkChannels": [6, 14, 15]
      },
      {
        "id": 4,
        "desc": "Pass from E/W",
        "status": 2,
        "countdown": 42,
        "total": 21,
        "now": 0,
        "linkChannels": [2]
      },
      {
        "id": 6,
        "desc": "Left from N/S",
        "status": 2,
        "countdown": 75,
        "total": 3,
        "now": 3,
        "linkChannels": []
      },
      {
        "id": 7,
        "desc": "Straight from N/S",
        "status": 1,
        "countdown": 1,
        "total": 16,
        "now": 12,
        "linkChannels": [3]
      },
      {
        "id": 8,
        "desc": "Right from N/S",
        "status": 2,
        "countdown": 4,
        "total": 1,
        "now": 0,
        "linkChannels": []
      },
      {
        "id": 10,
        "desc": "Straight/L from N/S",
        "status": 2,
        "countdown": 39,
        "total": 4,
        "now": 0,
        "linkChannels": []
      },
      {
        "id": 12,
        "desc": "Pass from E",
        "status": 2,
        "countdown": 63,
        "total": 2,
        "now": 2,
        "linkChannels": []
      },
      {
        "id": 14,
        "desc": "Straight from E",
        "status": 2,
        "countdown": 1,
        "total": 3,
        "now": 0,
        "linkChannels": []
      },
      {
        "id": 15,
        "desc": "Right from E",
        "status": 2,
        "countdown": 4,
        "total": 59,
        "now": 0,
        "linkChannels": [9]
      },
      {
        "id": 17,
        "desc": "Pass from S",
        "status": 2,
        "countdown": 63,
        "total": 15,
        "now": 15,
        "linkChannels": [5]
      },
      {
        "id": 18,
        "desc": "Left from S",
        "status": 1,
        "countdown": 42,
        "total": 54,
        "now": 12,
        "linkChannels": []
      },
      {
        "id": 19,
        "desc": "Straight from S",
        "status": 2,
        "countdown": 42,
        "total": 21,
        "now": 0,
        "linkChannels": [5]
      },
      {
        "id": 35,
        "desc": "Undefined",
        "status": 2,
        "countdown": 37,
        "total": 5,
        "now": 0,
        "linkChannels": []
      },
      {
        "id": 42,
        "desc": "Undefined",
        "status": 2,
        "countdown": 5,
        "total": 34,
        "now": 0,
        "linkChannels": [12, 16]
      },
      {
        "id": 43,
        "desc": "Undefined",
        "status": 1,
        "countdown": 1,
        "total": 26,
        "now": 25,
        "linkChannels": [4, 10, 11]
      },
      {
        "id": 45,
        "desc": "Undefined",
        "status": 2,
        "countdown": 63,
        "total": 12,
        "now": 12,
        "linkChannels": [8]
      },
      {
        "id": 46,
        "desc": "Undefined",
        "status": 2,
        "countdown": 43,
        "total": 20,
        "now": 0,
        "linkChannels": [8]
      }
    ],
    "ring": [
      [1, 2, 3, 35, 4],
      [45, 6, 7, 8, 42, 10, 46],
      [12, 43, 14, 15],
      [17, 18, 19]
    ],
    "channel": [
      { "id": 1, "status": 1, "countdown": 1, "type": 10, "dir": 1 },
      { "id": 2, "status": 2, "countdown": 42, "type": 10, "dir": 1 },
      { "id": 3, "status": 1, "countdown": 1, "type": 10, "dir": 1 },
      { "id": 4, "status": 1, "countdown": 1, "type": 10, "dir": 1 },
      { "id": 5, "status": 2, "countdown": 42, "type": 10, "dir": 2 },
      { "id": 6, "status": 2, "countdown": 4, "type": 10, "dir": 2 },
      { "id": 7, "status": 0, "countdown": 0, "type": 10, "dir": 2 },
      { "id": 8, "status": 2, "countdown": 43, "type": 10, "dir": 2 },
      { "id": 9, "status": 2, "countdown": 4, "type": 10, "dir": 3 },
      { "id": 10, "status": 1, "countdown": 1, "type": 11, "dir": 3 },
      { "id": 11, "status": 1, "countdown": 1, "type": 13, "dir": 3 },
      { "id": 12, "status": 2, "countdown": 5, "type": 10, "dir": 3 },
      { "id": 13, "status": 0, "countdown": 0, "type": 12, "dir": 4 },
      { "id": 14, "status": 2, "countdown": 4, "type": 11, "dir": 4 },
      { "id": 15, "status": 2, "countdown": 4, "type": 13, "dir": 4 },
      { "id": 16, "status": 2, "countdown": 5, "type": 10, "dir": 4 },
      { "id": 17, "status": 0, "countdown": 0, "type": 10, "dir": 2 }
    ]
  }
}

